,job_link,job_skills
0,https://www.linkedin.com/jobs/view/housekeeper-i-pt-at-jacksonville-state-university-3802280436,"Building Custodial Services, Cleaning, Janitorial Services, Materials Handling, Housekeeping, Sanitation, Waste Management, Floor Maintenance, Equipment Maintenance, Safety Protocols, Communication Skills, Attention to Detail, Physical Strength, Experience in Housekeeping"
1,https://www.linkedin.com/jobs/view/assistant-general-manager-huntington-4131-at-ruby-tuesday-3575032747,"Customer service, Restaurant management, Food safety, Training, Supervision, Scheduling, Inventory, Cost control, Sales, Communication, Problemsolving, Leadership, Motivation, Teamwork, High School Diploma, Bachelor's Degree, ServSafe Certification, Valid Driver's License, Physical ability to perform job duties"
2,https://www.linkedin.com/jobs/view/school-based-behavior-analyst-at-ccres-educational-and-behavioral-health-services-3739544400,"Applied Behavior Analysis (ABA), Data analysis, Behavioral assessment, Positive behavior support, Programming development, Progress monitoring, Staff training, Verbal communication, Written communication, Team collaboration, Autism, Emotional/behavioral disorders, Intellectual disabilities, BCBA certification, Masters degree, Professional liability insurance, Clearances (Act 151 Act 34 FBI Use code: 1KG6XN), TB screening, Independent contractor, 1099"
3,https://www.linkedin.com/jobs/view/electrical-deputy-engineering-group-supervisor-at-energy-jobline-3773709557,"Electrical Engineering, Project Controls, Scheduling, Estimating, Engineering Efforts, Planning, Work Packaging, Communication Skills, Verbal Communication, Written Communication, Engineering Tools, Office Automation Tools, Industry Guides, Regulatory Guides, Codes, Standards, Electrical Engineering Design Principles, Electrical Systems, Schematics, Layouts, Engineering Drawings, Systems Calculations, Equipment Sizing, Cable Sizing, Power Systems Load Modeling, Power Systems Analysis, Revit, ETAP, Equipment Configuration Packages, Mechanical Engineering, Process Engineering, CSI Masterformat Specifications, SpecsIntact, Unified Facilities Criteria, Whole Building Design Guide"
4,https://www.linkedin.com/jobs/view/electrical-assembly-lead-at-sanmina-3704300377,"Electrical Assembly, Point to point wiring, Stripping and crimping of wiring, Reading blueprints and SOPs, Leadership skills, Communication skills, Directing and training employees, Problem solving, Excellent attendance, 46 years of related experience, High School or GED"
5,https://www.linkedin.com/jobs/view/senior-lead-technician-programmer-at-security-101-3785441848,"Access Control, Video Management Systems, IPbased video systems, Intrusion Alarm Systems, SQL, Databases, Genetec, Software House, Avigilon Unity, Avigilon Alta, Brivo, Milestone, SIP IP Phone Systems, Quality Control, Customer Service, Project Progress Tracking, Electronics Training, Technical School, Military Training"
6,https://www.linkedin.com/jobs/view/program-consultant-at-methodist-family-health-3588621456,"Consultation, Supervision, InService Training, PreService Training, Youth Intake, Individual Treatment Plans, Program Development, Data Collection, Quality Control Programs, Performance Evaluations, Staff Recruitment and Selection, Emergency Consultation, Quality Improvement, Joint Commission Standards, TFM Certification, SelfMotivation, High Stress Tolerance, Fast Paced Work Environment, Minimal Supervision, Auditory Ability, Visual Ability, Olfactory Ability, Physical Stamina, Computer Literacy, Communication Skills, Reading and Writing Skills, Clinical Duties, COVID19 Vaccination, Flu Shot"
7,https://www.linkedin.com/jobs/view/veterinary-receptionist-at-wellhaven-pet-health-3803807922,"Veterinary Receptionist, AAHAaccredited, Customer service, Communication skills, Organizational skills, Problemsolving skills, Time management skills, Ability to work independently, Ability to multitask, Ability to work in a fastpaced environment, Ability to learn new computer software systems, Ability to handle dogs cats and exotic animals, Typing 40+ wpm, Email systems, Basic MS Office products (Word Excel), High School Diploma or equivalent, 1+ years of customer service experience, 1+ years of experience working with computers, Veterinary experience, Ability to lift 25+ pounds, Ability to stand walk stoop kneel crouch and climb, Ability to work extended hours including weekends and holidays"
8,https://www.linkedin.com/jobs/view/sr-technician-receiving-inspection-at-abbott-3799867135,"Optical Inspection Equipment Programming, MS Excel, Microsoft Word, FDA regulations, ISO 13485, Gage R&R, NCMR dispositioning, Blueprint reading, Sampling techniques, GD&T, PCB inspection, Quality Systems, Calibration, Test methods, ASQ CQT certification, Data analysis, Report writing"
9,https://www.linkedin.com/jobs/view/experienced-hvac-service-technician-at-lane-valente-industries-3798208587,"HVAC, troubleshooting, Preventative maintenance, Inspections, Repairs, Record keeping, Parts management, Time management, Travel"
10,https://www.linkedin.com/jobs/view/host-hostess-server-assistant-at-out-west-restaurant-group-3774244398,"Host/Server Assistant, Attention to Detail, Health Insurance, Dental Insurance, Vision Insurance, PTO, Life Insurance, Meal Compensation Benefits, Thanksgiving & Christmas Day Off, Creating Memorable First and Last Impressions, Greeting Guests, Seating Guests, Coordinating Wait and Seating, Smiling and Engaging with Guests, Food and Drink Menu Knowledge, Phone Answering and Directing Calls, Teamwork and Assisting Throughout Restaurant, Leading Lobby Experience, Safe Food Handling and Sanitation, Lifting and Moving up to 30 lbs., Working in Hot and Cold Environments, Walking Standing and Bending for Extended Periods, Responsible Beverage Service Certification, Adaptability, Problem Solving, Communication Skills, Interpersonal Skills, Ability to Follow Instructions, Understanding Policies and Procedures"
11,https://www.linkedin.com/jobs/view/maintenance-technician-salem-va-at-greenbrier-management-3787735014,"Apartment maintenance, Basic electrical repair, Basic plumbing repair, HVAC certification (CFC Universal) preferred, Hand tools, Ladders, Landscaping equipment, Safety equipment, Fair housing, OSHA, Pool and safety standards, Communication skills, Teamwork, Positive attitude, Problemsolving skills, Ability to work independently and as part of a team, Ability to work flexible hours, Valid driver's license, Reliable transportation"
12,https://www.linkedin.com/jobs/view/traveling-ftth-technician-at-kennard-associates-3787914368,"Fiber Optic Cable Installation, Splicing and Termination, Equipment Installation, Customer Interaction, Quality Assurance, Documentation, Safety and Compliance, Travel, High School Diploma or Equivalent, Technical Training or Certification in Fiber Optics, Previous Experience in Fiber Optic Cable Installation and FTTH Deployment, Knowledge of Splicing and Termination Techniques, Familiarity with FTTH Equipment and Hardware, Strong ProblemSolving Skills and Attention to Detail, Physical Fitness and Ability to Work in Various Environmental Conditions, Flexibility to Travel Extensively and Work on Varied Schedules"
13,https://www.linkedin.com/jobs/view/travel-allied-health-professional-ct-technologist-at-flexcare-medical-staffing-3791820377,"CT Technologist, Allied Health Professional, Travel Nursing, Medical Staffing, Staffing Services, Healthcare Facilities, Integrity, Transparency, Medical Benefits, Dental Benefits, Vision Benefits"
14,https://ca.linkedin.com/jobs/view/performance-analyst-material-%E2%80%93-analyste-performance-mat%C3%A9riel-mirabel-qc-at-bell-flight-3802164134,"SAP, DRMIS, Data warehousing, Data analysis, Data mining, Power BI, Excel, PowerPoint, Root cause analysis, Project management, Communication, Teamwork, Problem solving, Analytical skills, Attention to detail, Strong math skills, Bachelor's degree in operation management or industrial engineering, 3+ years of experience in a similar position, NATO Secret security clearance"
15,https://www.linkedin.com/jobs/view/analyst-capital-markets-at-jll-3802326007,"Debt and equity offering memorandums, Financial modeling, Market research, Property tours, Term sheet negotiation, Closing and client meetings, Due diligence, Databases, Real estate documents, Financing alternatives, Client networking, Deal flow, Deal status, Market conditions, Argus, Outlook, Excel, Word, Intermediate working knowledge of Outlook Excel and Word, Bachelor's Degree in Real Estate Finance Accounting or related discipline, Selfmotivated, Team oriented, Strong time management skills, Excellent organizational interpersonal quantitative writing and communication skills, Strong research analytical and problemsolving skills, Ability to analyze qualitative and quantitative information, Ability to be an independent worker with a team player attitude"
16,https://ca.linkedin.com/jobs/view/field-service-technician-surgical-workplaces-gta-at-getinge-3771874360,"Biomedical Engineering, Field Service, Troubleshooting, Communication, Time Management, Customer Service, Microsoft Office, Travel, Driving, Teamwork, ProblemSolving, Quota Achievement, Regulatory Compliance, Interpersonal Skills, Documentation, Equipment Maintenance, Inventory Management, Training"
17,https://www.linkedin.com/jobs/view/laboratory-technician-at-insight-global-3798118976,"Laboratory Technician, Pharmaceutical Testing, Quality and Safety Standards, Sample Preparation, Chemical Analysis, Physical Analysis, Microbiological Analysis, Instrumental Methods, Data Analysis, Error Identification, Corrective Actions, Laboratory Equipment Maintenance, Calibration, Company Policies and Procedures, Regulatory Compliance, Clinical Validation, QC/Technical Validation, Bachelor's Degree in Science, ASCP Certification, Generalist Experience, Med Tech Experience, Med Lab Scientist Experience, Fastpaced Environment, Multitasking, Learning Agility, Communication Skills, Attention to Detail, Accuracy"
18,https://www.linkedin.com/jobs/view/senior-consultant-learning-talent-development-at-nuvance-health-3778638490,"Program Management, Project Management, Organizational Learning, Development, Employee and Managerial Learning, Organizational Development, Education, Needs Analysis, Learning Management System, Performance Indicators, Metrics, Consulting, Advisory Services, Delivery Services, Regulatory Training, New Hire Orientation, Leadership Products, Collaborating Learning, Coaching, Behavioral Assessments, Finger Dexterity, Physical Effort, Pleasant Working Conditions"
19,https://www.linkedin.com/jobs/view/assistant-general-manager-at-the-hill-3803906356,"Hiring, Training, Retaining, Developing Team, Financial Analysis, Action Plans, Budget Management, Sales Management, Guest Experience, Communication Skills, Relationship Building, Adaptability, Flexibility, Enthusiasm, SelfMotivation, Teaching Skills, Coaching Skills, Decision Making, Problem Solving, Strategic Thinking, Data Analysis, Inspiration, Teamwork, Leadership, Professionalism, Attendance, Physical Stamina, Multitasking, Customer Service, Time Management, Conflict Resolution, Diversity, Inclusion"
20,https://www.linkedin.com/jobs/view/construction-supervisor-assistant-in-rochester-ny-usa-at-energy-jobline-3791046095,"Construction, General knowledge of construction industry, Reliable transportation, PM21"
21,https://www.linkedin.com/jobs/view/internal-auditor-at-university-of-utah-3803767644,"Accounting, Auditing, GAAP, Tax laws, Professional audit standards, Financial operations, Compliance, Risk management, Controls, Written reporting, Data analysis, Communication, Collaboration, Problemsolving, Critical thinking, Attention to detail, Time management, Organizational skills, Bachelor's degree, Master's degree, CPA, CIA, CFE, CISA, CHIAP, Healthcare experience, Higher education experience"
22,https://www.linkedin.com/jobs/view/insurance-analyst-at-city-of-boise-3789382906,"Excel, Risk Management, Property Management, Insurance Claims, Liability Claims, Workers' Compensation Claims, Property Claims, Data Analysis, Safety, Program Guides, Form Templates, Financial Accounting, Microsoft Access, Microsoft Power Platform, Microsoft Dynamics 365, Database Management Systems, Process Mapping, Criminal Background Check, Reference Checks, Driving Record Check, CJIS Background Check, Sensory Ability, Stairs, Basic Inspection Activities"
23,https://www.linkedin.com/jobs/view/audit-manager-at-keiter-cpas-3755476892,"Accounting principles, Auditing standards, Financial statements, Internal controls, Time budgets, Audit risks, Budget realization, Virginia Driver's License, CPA license, Staff management, Performance reviews, Public accounting, Management letters, Notes, Schedules"
24,https://www.linkedin.com/jobs/view/accounting-manager-at-high-country-private-equity-search-3733960939,"Accounting, Financial Reporting, Budgeting, Auditing, Taxation, Cash Management, Treasury Management, Financial Analysis, Investment Accounting, Partnerships, LLCs, LLLPs, Hedge Funds, Private Equity, Real Estate, Brokerage Accounting, Cash Flow Management, Microsoft Office Suite, Accounting Software, Financial Modeling, Budgeting Software, Data Analysis Software, Strong Analytical Skills, Attention to Detail, Written and Verbal Communication Skills, Problem Solving Skills, Ability to Work in a Team Environment, Ability to Work Independently, Ability to Meet Deadlines, Ability to Handle Confidential Information"
25,https://www.linkedin.com/jobs/view/electronic-technician-at-uec-advanced-electronics-3781185783,"Test and Alignment, Quality Processes, Product Design, Circuit Troubleshooting, Test Specifications, Test Procedures, Assembly Testing, System Testing, Rework, Technical Reports, Test Equipment Setup, Demonstration Assistance, Technical Issue Resolution, Electronics Degree, 4+ Years Experience, Commitment to Excellence, Written and Oral Communication, Training Abilities, Organizational Skills, ProblemSolving, Analytical Skills, Priority Management, Workflow Management, Versatility, Flexibility, RF and Microwave Theory"
26,https://www.linkedin.com/jobs/view/part-time-sales-associate-calvin-klein-at-calvin-klein-3331580456,"Customer service, Suggestive selling, UPT, Conversion, Brand loyalty, Processing, Replenishment, Cashiering, Promotions, Visual merchandising, Backstock organization, Theft prevention, Communication, Time management, Walking, Standing, Bending, Reaching, Squatting, Lifting"
27,https://www.linkedin.com/jobs/view/lead-sales-associate-ft-at-dollar-general-3683460063,"Customer service, Operating cash register, Stocking shelves, Cleaning, Knowledge of safety policies, Ability to read planograms, Knowledge of cash handling, High school diploma, Six months of supervisory experience, Ability to drive, Frequent walking and standing, Frequent bending and stooping, Frequent lifting of up to 40 pounds, Occasional climbing using step ladder, Fastpaced environment, Moderate noise level, Occasional exposure to outside weather conditions, Occasional driving"
28,https://www.linkedin.com/jobs/view/building-automation-technician-at-jll-3781962404,"Building Automation Systems (BAS), Energy Conservation, Troubleshooting, Maintenance, System Optimization, Site Visits, Data Gathering, Control Strategies, Commissioning, ReCommissioning, Energy Efficiency, Energy Savings, Economic Justification, Programming, Installing, Repairing, Automation Systems, Electrical Power Calculations, Variable Speed/Frequency Drives, Energy Conservation Techniques, HVAC/Chiller Plant Energy Consumption, Lifting, Working from Heights, Climbing, Bending, Lifting, Kneeling, Stooping, Adverse Conditions, Driving, Ladder Climbing, Tool Bag Carrying, PPCL Programming, Siemens Experience, Electrical Systems, Refrigeration, HVAC, Plumbing"
29,https://www.linkedin.com/jobs/view/automotive-technician-at-monro-inc-3684276076,"Automotive repair, Vehicle maintenance, Brakes, Suspension, Tire installation, Scheduled maintenance, Automotive inspections, Test driving, Leadership, High school diploma or GED, 2+ years automotive technician experience, Valid driver's license, Ability to work with hands overhead and lift 50 lbs, Automotive Technician State Inspector's license, ASE automotive certification (A1A8), Automotive technical school certificate/degree, Health insurance, Dental insurance, 401K retirement plan with company match, Paid vacation, Paid holidays, Career development, Employee discounts, Onthejob training, Companysponsored certifications, Course curriculum in Monro University, Equal opportunity employer"
30,https://www.linkedin.com/jobs/view/optical-sales-associate-part-time-brea-ca-at-us-vision-3766477815,"Sales, Customer service, POS systems, Computer systems, Communication, Problem solving, Flexibility, Multitasking, Physical demands"
31,https://www.linkedin.com/jobs/view/assistant-controller-at-jobot-3800681955,"Financial Services, BrokerDealer Operations, SEC/FINRA Compliance, Audit, Financial Statements, Financial Analysis, Financial Projections, Accounting Policies, Internal Controls, Financial Reporting, Tax Filings, Business Process Management, Microsoft Office Suite, Accounting Software, CPA, Leadership, Communication, Teamwork, ProblemSolving, DetailOriented"
32,https://www.linkedin.com/jobs/view/sales-associate-part-time-tommy-hilfiger-at-tommy-hilfiger-2956057013,"Customer Service, Sales, Merchandise Management, Loss Prevention, Communication, Time Management, Attention to Detail, Lifting, Stocking, Merchandising, Visual Presentation, Product Knowledge, Teamwork, Adaptability, Integrity, Professionalism, Flexibility, Lifting, Standing"
33,https://www.linkedin.com/jobs/view/sales-development-representative-orlando-at-resulticks-3787749872,"Marketing Automation, Sales Automation, CRM, Sales Funnels, Microsoft Excel, Microsoft Power Point, Social Media Management, Digital Marketing, Data Analytics, Cyber Security, Privacy Regulations, Database Architecture, Systems Architecture, Cloud Storage, BANT Criteria, Enterprise Software Sales, Martech, Business Intelligence, Analytics Software, Prospecting, Communication, Presentation, Product Demonstration, Sales Pipeline Management, Pipeline Analysis, Forecasting, Account Management, Consultative Sales, Negotiation, Closing, Business Acumen, Storytelling"
34,https://www.linkedin.com/jobs/view/assistant-executive-housekeeper-holiday-inn-express-grandville-at-suburban-inns-3787731332,"Customer service, Communication, Training, Supervision, Problemsolving, Inspection, Reporting, Housekeeping standards, Laundry, Lost and found, Computer system, Guest satisfaction, Safety, Maintenance, Room cleaning, Deliveries, Record keeping, Typing, Basic computer knowledge, Word processing, Hazcom Training, Bloodborne Pathogen Training, Flexible schedule, Uniform, Nonslip shoes, Hair grooming, Facial piercings, Tattoos"
35,https://www.linkedin.com/jobs/view/assistant-head-custodian-at-ysleta-independent-school-district-3801798044,I'm unable to extract the requested data from the provided context because it does not contain any information about technical skills frameworks languages softwares concepts and requirements.
36,https://www.linkedin.com/jobs/view/head-clerk-at-city-of-worcester-3802162744,"Microsoft Office 365, Basic accounting practices, Verbal and written communication skills, Multitasking in fastpaced environment, Independent and team work, Learning information quickly, Keeping personal records & time sheets, Establishing and maintaining effective working relationships, Clear and concise expression orally and in writing, High School Diploma or GED, Customer Service or Call Center Experience, Computer proficiency with Microsoft Office Suite, Language socioeconomic status race/ethnicity awareness, Accounting Business Communication degree or higher, Municipal accounting experience, Cemetery experience"
37,https://www.linkedin.com/jobs/view/retail-assistant-manager-sales-at-talbots-3726294251,"Customer Service, Communication, Teamwork, Leadership, Problem Solving, Decision Making, Organization, Adaptability, Flexibility, Time Management, Technical Aptitude, Computer Skills, POS/iPad/Handheld Systems, Physical Strength, Availability, Fashion Trends, Business Knowledge, Competitive Analysis, Sales and Hospitality Metrics, Clientelling, Appointment Setting, Talbots Classic Awards, Coaching and Training, Accountability, Compliance, Positive Work Environment"
38,https://uk.linkedin.com/jobs/view/cleaning-area-manager-at-zing-environments-ltd-3801450604,"Communication skills, Bilingual, Organizational skills, Time management, Cleaning industry experience, Prioritization, Problemsolving, Team building, Customer focus, IT skills, Clean driving license, Managerial experience, DBS records, Customer complaints handling, Retention targets, GP Margin, Contract changes, Work performance management, Team behavior management, Budget management, Site visit reporting, Staff recruitment, Staff training, Customer relationship management, Stock management, Equipment purchasing, Materials purchasing, Consumables purchasing, Facilities team support, Contract setup, Compliance, Legislation, Health, Safety regulations, Company specifications, Client specifications, Service delivery, Professional image"
39,https://www.linkedin.com/jobs/view/nurse-practitioner-or-physician-assistant-medical-oncology-hematology-full-time-days-at-northwestern-medicine-3793867922,"Nursing, Physician Assistant, Oncology, Hematology, Advanced Practice Registered Nurse, Advanced Practice Provider, Prescribing, Documentation, Referrals, Consultation, Patient Advocacy, Continuing Education, Research, Quality Improvement, Public Speaking, Teaching, Preceptorship, BLS Certification, CPR Certification, Cardiology, Pulmonary Medicine, Radiation Oncology, Hematology Oncology, Medical Oncology, Patient Care, Physical Examination, Diagnosis, Treatment Planning, Medication Management, Laboratory Testing, Imaging, Patient Education, Communication, Teamwork, Problem Solving, Critical Thinking, Decision Making, Professionalism, Ethics, Cultural Competence"
40,https://www.linkedin.com/jobs/view/benefits-accounting-analyst-at-arctic-slope-regional-corporation-3790435660,"Employee Benefits, Premium Accounting, Auditing, Life and Disability Insurance, Payroll, Human Resources, Vendor Management, Billing, Funding Requests, Problem Analysis, Resolution, Project Management, Excel, Accounting Systems, Reporting, Intermediate Programming"
41,https://www.linkedin.com/jobs/view/campus-retail-associate-part-time-west-virginia-univ-evansdale-crossing-at-barnes-noble-college-3753754234,"Customer Service, Sales, Cashier, Stocking, Cleaning, Food Preparation, Sanitation, Math, Keyboarding, Data Entry"
42,https://www.linkedin.com/jobs/view/teacher-grades-1-2-eoy-at-loudoun-county-public-schools-3679708402,"**Skills:**, Elementary Education, Child Development, Classroom Management, Behavior Management, Collaborative Teaching, Communication, Oral Communication, Written Communication, **Frameworks:**, Virginia Standards of Learning, LCPS curriculum, **Languages:**, English, **Softwares:**, N/A, **Concepts:**, Student Learning, Student Assessment, Educational Goals, Educational Objectives, Educational Outcomes, Curriculum, Competencies, Instructional Strategies, Learning Environment, Professional Development, Professional Learning Community, **Requirements:**, Bachelor's degree, Virginia teaching license, Elementary content knowledge, Curriculum knowledge, Methodology of effective teaching, Ability to apply research and theory to instruction, Ability to establish and maintain collaborative relationships, Excellent communication skills, Human relations skills, Physical requirements (sitting lifting pushing pulling)"
43,https://www.linkedin.com/jobs/view/lead-night-cleaner-excellent-opportunity-to-leadership-at-environment-control-colorado-springs-3791862350,"Janitorial, Cleaning, Vacuuming, Mopping, Trash removal, Equipment maintenance, Quality control, Training, Driving, Background check, Reliable transportation, Attention to detail, Team orientation, Motivation, Pride in work"
44,https://www.linkedin.com/jobs/view/assistant-store-manager-1-at-mother-s-market-kitchen-3721020112,"Verbal proficiency, English language, Advanced reading and writing, Computer literacy, Microsoft Word, Microsoft Excel, Microsoft Outlook, Excellent customer service skills, Proficiency in basic math, Leadership abilities, Written communication, Verbal communication, Excellent customer service, Flexibility in work schedule, Strong physical condition, Lift heavy objects, Stand and walk frequently, Bend and twist often"
45,https://www.linkedin.com/jobs/view/quality-auditor-watch-protect-technician-at-gridhawk-llc-3798880687,"Quality audits, Onsite audits, Inspection, Communication, Excavation, Monitoring, Surveillance, Locating devices, Utility maps, Ticket audits, High school diploma, GED, Driver's license, Reading, Communication, Organization, Safe work practices, Utility infrastructure, Design drawings, Industry standard locating equipment, Basic communication and tech devices, Physical strength, Handeye coordination, Work outside in all weather conditions, Work in excavations areas and roadways, Fulltime, Hourly, Paid holidays, PTO, Health benefits, 401k, 401k matching, Dental insurance, Flexible spending account, Health savings account, Life insurance, Paid time off, Vision insurance, 10 hour shift, 8 hour shift, Weekends as needed, Inperson"
46,https://www.linkedin.com/jobs/view/automotive-technician-at-drivetime-3804277042,"Automotive technician, Bumpertobumper inspections, Repair, Part replacement, Light to medium mechanical repairs, Inspecting vehicles, Documenting findings, Reconditioning Center Management, Test driving, Cooling, Braking, Charging, Steering/suspension, AC, Electrical system components, Industry experience, Line work, ASE certified, Team environment, Attendance, High School Diploma or GED, Driver's license, 18 years of age, Experience (5 years), Medical insurance, Dental insurance, Vision insurance, 401(K), Life insurance, Disability coverage, Growth opportunities, Tuition reimbursement, Wellness program, Competitive pay, Work/life balance, PTO, Paid holidays, Background check, Drug screening, Professional environment, Fun environment, Highenergy environment"
47,https://uk.linkedin.com/jobs/view/system-partner-and-manufacturing-procurement-manager-at-rots-informatica-e-comercio-eletr%C3%B4nico-ltda-3803887537,"Procurement, Manufacturing, Supply Chain Management, System Partner Strategy, Engineering, Fusion Technology, System Partners, Business Cases, Source to Contract Lifecycle, Supplier Management, Commercial Strategy, Strategic Decision Making, Public Sector, Matrix and ProjectBased Environment, Multiple Projects, Commercial Strategies, Pricing Models, Legal Frameworks"
48,https://www.linkedin.com/jobs/view/in-home-sales-service-cable-systems-installer-at-southern-star-inc-3664891977,"Communication, Sales, Strategic thinking, Time management, Upselling, Driver's license, Travel, Ladders, Heights, Attics, Crawlspace, Performance incentives, Hourly pay, Commission"
49,https://www.linkedin.com/jobs/view/public-defender-assistant-grade-i-at-monroe-county-3685108891,"Legal representation, Family law, Child welfare, Family regulation, Advocacy, Case management, Communication, Racial diversity, Equity, Inclusion, Antiracism, Collaboration, Fluency in Spanish"
50,https://www.linkedin.com/jobs/view/host-hostess-at-memorial-health-3793272871,"Customer service, Communication, Reading comprehension, Active listening, Problem solving, Accuracy, Speed, Attention to detail, Ability to work in a fastpaced environment, Ability to work shifts, Ability to lift and carry heavy objects, Ability to withstand heat and steam, Ability to use detergents, Ability to work under stress, Ability to adapt to changing conditions, Ability to comprehend and follow written and verbal instructions, Ability to communicate effectively in English, Knowledge of food safety and sanitation practices, Knowledge of hospital policies and procedures, Ability to work well in a team, Ability to maintain composure in difficult situations, Ability to meet deadlines, Ability to work independently, Ability to use a computer"
51,https://uk.linkedin.com/jobs/view/rehabilitation-assistant-band-3-at-gloucestershire-health-and-care-nhs-foundation-trust-3788985296,"Patient care, Rehabilitation, Occupational therapy, Physical therapy, Communication skills, Teamwork, IT skills, Medical records, Equipment ordering, Administrative duties"
52,https://www.linkedin.com/jobs/view/part-time-assistant-manager-at-cinemark-3581254763,"Management Foundations, Annual Certifications, MAP Core, Safe Alcohol Service training, Food handling training, Cash handling, Basic math skills, Communication (verbal and written), Leadership, Teamwork, Time management, Organizational skills, Attention to detail, Conflict resolution, Customer service, Cleaning, Safety, Sanitation, Physical fitness, Lifting, Standing, Walking, Reaching, Noise tolerance"
53,https://www.linkedin.com/jobs/view/lead-sales-associate-pt-at-dollar-general-3580099338,"Cashier, Stocker, Retail Operations, Customer Service, Unloading Trucks, IBM Cash Register, Planogram Implementation, Inventory Management, Retail Security, Cash Handling, Mathematical Calculations, Safety Policies, Communication Skills, High School Diploma, Supervisory Experience"
54,https://www.linkedin.com/jobs/view/lead-sales-associate-ft-at-dollar-general-3683050225,"Customer service, Cash register operation, Stocking and recovering merchandise, Cleaning, Planogram implementation and maintenance, Safety policies and practices, Planogram and merchandise presentation guides, Mathematical calculations, Cash handling procedures, Cashier accountability, Deposit control, High school diploma, Supervisory experience, Walking, Standing, Bending, Stooping, Kneeling, Lifting, Climbing, Fastpaced environment, Noise level, Weather conditions, Driving, Transportation"
55,https://www.linkedin.com/jobs/view/gastroenterologist-at-gi-alliance-3804307103,"Gastroenterologist, Endoscopic Ultrasound (EUS), GIEndoscopy, Gastroenterology"
56,https://www.linkedin.com/jobs/view/anesthesiologist-at-health-ecareers-3800368309,"Anesthesiology, Anesthesia, Perioperative Medicine, Hospital, Medical, Healthcare"
57,https://www.linkedin.com/jobs/view/sales-associate-westfarms-shopping-mall-at-untuckit-3785577793,"Sales associate experience, Customer service skills, Knowledge of UNTUCKit products, Ability to create a fun and relaxed shopping environment, Ability to maintain a tidy sales floor and stockroom, Ability to juggle multiple customers, Teamwork, Ability to provide customer feedback and observations, Ability to work a flexible schedule, Ability to work alone and open/close the store, Proficiency in Apple technology, Proficiency in Omnichannel POS systems, Strong communication and interpersonal skills, Customer service focus, High school degree, Paid time off, Life insurance, Family leave, Short term & long term disability, Training & development, Wellness resources"
58,https://www.linkedin.com/jobs/view/sr-pipeline-technician-beaver-ok-at-northern-natural-gas-3742778928,"Programmable Logic Controllers (PLCs), Human Machine Interfaces (HMIs), Motor Control Centers (MCCs), Power Distribution, Pneumatic Control Devices, Gas Measurement Equipment, Gas Meters, Control Valves, Relief Valves, Regulators, Corrosion Protection Equipment, Rotating and Reciprocating Compression Equipment, Liquefied Natural Gas Operations, Underground Storage Operations, Compressor Station Operations, Pigging Operations, Damage Prevention Measures, Pipeline Right of Way Maintenance, Mobile Heavy Equipment Operation, Pipeline Welding, Structural Welding, Environmental Standards, Environmental Activities, Regulatory Compliance, API 1104 Standards, ASME Standards, AWS Standards, Associate of Applied Science Degree, Pipeline Technician Academy, Driver's License, Overtime, Overnight Stays, OnCall Schedules, Rotating Schedules, Emergency Response, Diversity and Inclusion, Equal Opportunity Employer"
59,https://uk.linkedin.com/jobs/view/occupational-health-nurse-technician-at-occupational-health-staffing-3791063837,"Occupational Health, Audiometry, Spirometry, Vision Screening, Urine Test"
60,https://uk.linkedin.com/jobs/view/senior-architectural-technician-at-ecocareers-3780868502,"Senior Architectural Technician, Vectorworks, Adobe Suite, UK construction legislation, Building Regulations, Project running, Site experience, Team management, Sustainable design, Energyconscious design, Technical qualification (HNC HND Degree), 5+ years UK experience, Excellent clientfacing skills"
61,https://www.linkedin.com/jobs/view/senior-executive-assistant-at-mission-driven-healthcare-startup-at-bloom-talent-3802551043,"Microsoft Office Suite, Slack, Google Workspace, Box, Zoom, IT, Calendar Management, Scheduling, Event planning, Board presentation, Document preparation, Stakeholder management, People management, Payroll, Project management, Teambuilding, Travel management, Time management, Vendor management, Problemsolving, Attention to detail, Communication, Teamwork, Adaptability, Troubleshooting"
62,https://www.linkedin.com/jobs/view/%E2%80%8Bassistant-general-manager-buffalo-wild-wings-beckley-at-grube-inc-3772444810,"Management experience, Teamwork, Communication, Customer service, Problemsolving, Food safety, Restaurant operations, Labor management, Inventory management, Scheduling, Food preparation, Compliance, Sanitation, Hygiene, Training, Coaching, Performance management, Motivation, Incentive programs, Contests, Promotions, Performance management, Product knowledge, Waste management, Quality control, Vendor management"
63,https://www.linkedin.com/jobs/view/administrative-officer-at-first-division-consulting-inc-3799870567,"Administrative support, Document management, Process improvement, Action tracking, SharePoint, Teams, Morning reports, Calendar management, Communications management, Organizational charts, Personnel management, Travel request management, New employee onboarding, SAAR form processing, Microsoft Office Suite, Databases, Action tracking systems, Multitasking, Prioritization, Security clearance, Medical benefits, Dental benefits, Vision benefits, Life insurance, STD benefits, LTD benefits, Holidays, PTO, 401(k) plan, Equal opportunity employer"
64,https://www.linkedin.com/jobs/view/housekeeper-part-time-flexible-daytime-hours-at-northbridge-companies-3790232511,"Housecleaning, Cleaning Protocols, Laundry, Linen Care, Trash Removal, Maintenance Reporting, ProblemSolving, DetailOriented, Teamwork, Resident Care"
65,https://www.linkedin.com/jobs/view/full-time-assistant-manager-at-universidade-de-mogi-das-cruzes-3691437993,"Cinemark Assistant Manager, Management Foundations, Annual Certifications, MAP Core, Safe Alcohol Service training, Basic food handling training, Communication skills, Interpersonal skills, Teamwork, Problemsolving, Time management, Organizational skills, Attention to detail, Conflict resolution, Physical fitness, Ability to work in a standing position for extended periods of time, Ability to carry push and pull objects, Ability to work in a noisy environment"
66,https://www.linkedin.com/jobs/view/full-time-assistant-manager-at-cinemark-3581260021,"Management Accreditation Program, Safe Alcohol Service training, Food handling training, English proficiency, Customer service, Teamwork, Leadership, Communication, Time management, Problem solving, Conflict resolution, Physical fitness, Lifting, Standing, Walking, Reaching, Noise tolerance"
67,https://www.linkedin.com/jobs/view/part-time-assistant-manager-at-universidade-de-mogi-das-cruzes-3739076125,"Customer service, Team management, Team leadership, Conflict resolution, Training and development, Communication skills, Interpersonal skills, Problemsolving skills, Decisionmaking skills, Time management skills, Organizational skills, Attention to detail, Health card, Food handlers permit, Safe Alcohol Service training, Management Accreditation Program, Management Foundations, Annual Certifications, MAP Core, Basic food handling training"
68,https://www.linkedin.com/jobs/view/research-associate-northeast-agresearch-education-center-utia-greeneville-tn-at-university-of-tennessee-3737131917,"Agronomy, Animal Science, Farm Equipment Operation and Maintenance, Flexible Work Schedule, Precision Agriculture Technologies, Research Methodology and Protocol, Data Analysis, Forage Production, Precision Agriculture Applications, Communication, Work Ethic, Farm and Research Safety, Teamwork, Lifting Heavy Objects, Outdoor Work, Tennessee Valid Driverâ€™s License, IACUC Certifications, Research Center Plot Work, Field/Controlled Environments Research, Data Interpretation, Training and Supervising Personnel, Word Processing Spreadsheets Presentation Database and Statistical Software, Resource Prioritization and Coordination, Academic Research Knowledge"
69,https://uk.linkedin.com/jobs/view/maintenance-assistant-at-omega-resource-group-limited-3784807095,"Maintenance, CNC Mills, Lathes, EDM Machines, Preventative maintenance, Minor repairs, Installation, Liaison, Health and safety compliance, Maintenance software, Building maintenance, Electrical repairs, Mechanical repairs, General building maintenance, Wiring, Mechanical principles, Electrical principles, 18th Edition (Electrical), Common tools, Health and safety practices, Problemsolving, Independent work, Teamwork"
70,https://www.linkedin.com/jobs/view/warehouse-technician-ii-or-iii-at-gwinnett-county-government-3732079399,"Inventory Management, Data Entry, MS Office Suite, Inventory Control, Warehousing, Order Processing, Shipping and Receiving, Database Management, Purchasing, Communication, Customer Service, Data Analysis, Logistics, Forklift Operation, High School Diploma or GED, Experience in Automated Warehouse or Inventory Control, Valid Driver's License"
71,https://www.linkedin.com/jobs/view/automotive-technician-experienced-auto-mechanic-at-drive-automotive-services-llc-3787902185,"Automotive repair, Mechanical repair, Analytical skills, Problemsolving skills, Ability to read service manuals, Computer diagnostic equipment, Software proficiency, Good communication skills, Organizational skills, Fastpaced environment, Attention to detail, High school diploma, Vocational/technical school program, ASE certification, Commercial driver's license, Physical strength, Safety consciousness"
72,https://www.linkedin.com/jobs/view/executive-assistant-ea-ts-sci-dodf12-at-qinetiq-us-3789912685,"Executive Assistant, DoD leadership, Microsoft Excel, Travel Regulations, Clearance Guide, Administrative Support, DoD security procedures, CONUS, OCONUS, Defense Travel System (DTS), TMT, CATMS, Sensitivity information, TS/SCI clearance"
73,https://ca.linkedin.com/jobs/view/senior-environmental-site-assessor-at-stantec-3610873110,"Environmental Management, Environmental Site Assessment, Phase I ESA, Phase II ESA, Remediation Programs, Hydrogeological Investigations, Work Program Development and Implementation, Schedules Management, Budgets Management, Client Deliverables Management, Client Management, Communication, Teamwork, Mentoring, Verbal and Written Communication, Safety Culture Promotion, HSSE Program Participation, Contaminated Site Management, Industrial Properties, Brownfield Properties, P.Geo. or P.Eng. Registration"
74,https://www.linkedin.com/jobs/view/full-time-assistant-manager-at-cinemark-3679937214,"Customer service, Communication skills, Teamwork, Leadership, Conflict resolution, Physical stamina, Organizational skills, Time management, Attention to detail, Problem solving, Training, Coaching, Written communication, Verbal communication, Interpersonal skills, Motivation, Flexibility, High energy, Accuracy, Math, Food handling, Cash handling, Management, Safety, Cleaning, Social distancing, Personal protective equipment (PPE), Shift work, Weekend availability, Holiday availability"
75,https://uk.linkedin.com/jobs/view/assistant-manager-at-wildwood-restaurants-3789333354,"Team Management, Customer Service, Restaurant Experience, Fine Dining, Marketing, Staff Training, Recruitment"
76,https://www.linkedin.com/jobs/view/dental-assistant-w-x-ray-at-prosmile-3804488598,"Dental instruments, Patient care, Recordkeeping, Appointment scheduling, Scheduling, Data entry, Patient interactions, OSHA guidelines, HIPAA guidelines, CDC guidelines, Xray License, Dental Assistant certificate, Dental Radiologic Technologist (DRT) license, Radiation Health and Safety certificate, Dentrix, Ability to learn new technologies and systems., Communication, Organization, Prioritization, Analytical, Time management, Multitasking, Ability to work in a fastpaced environment, Ability to work evenings and weekends, High School diploma or GED, 1+ years work experience as a Dental Assistant, Ability to stand walk and use hands and arms, Close vision, Ability to adjust focus, Ability to travel to healthcare practices, Ability to lift and/or move between 10 and 25 pounds"
77,https://www.linkedin.com/jobs/view/board-certified-behavior-analyst-bcba-in-home-at-bright-achievements-3787906051,"BCBA, ABLLSR, VBMAPP, Vineland, AFLS, ABA, Data management, Rethink, Interpersonal skills, Written communication, Verbal communication, Autism spectrum, RBT, Behavior assessment, Behavior intervention, Functional analysis, Skill repertoire, Cultural diversity, Special education, Psychology"
78,https://www.linkedin.com/jobs/view/hvac-service-technician-iii-at-daikin-applied-americas-3770502602,"HVAC, Refrigeration, Commercial Equipment, Intelligent Equipment, Magnetic Bearing Technology, VRF Technology, Diagnostics, Troubleshooting, Pipefitting, Brazing, Centrifugal Chillers, Screw Chillers, AirCooled Chillers, Boilers, Rooftop Units, Split Systems, Warranty Service, Customer Education, Rebuild, Retrofit, OSHA Guidelines, Safety Policies, Communication, Sales Opportunities, Mentorship, Data Entry, Email, Internet, Word Processing, Programs, Chiller Trend Data, Microsoft Office, CPR, OSHA 10 Certification, Heating, Ventilation, Air Conditioning, EPA Universal Technician Certification, First Aid"
79,https://www.linkedin.com/jobs/view/wendy-s-assistant-manager-%2455k%2B-starting-south-jersey-region-at-the-briad-group-3802526117,"Restaurant management, QSR or Fastcasual experience, Leadership, Teamwork, Interpersonal skills, Communication skills, Ability to work independently, Ability to work as a team member, Strong work ethic, Desire to learn, Collaboration, Cando attitude, Upbeat and engaging personality, Multitasking"
80,https://www.linkedin.com/jobs/view/district-manager-at-safety-kleen-3779462117,"Health and Safety, Budgeting, Business Planning, Risk Management, Data Analysis, Performance Monitoring, Leadership, Communication, Relationship Building, Problem Solving, Innovation, Sustainability, Environmental Services, Energy Services, Industrial Services, Hazardous Materials Management, Recycling, Disposal"
81,https://uk.linkedin.com/jobs/view/cleaning-supervisor-at-abm-uk-3778509613,"Communication skills, Teamwork, Cleaning methods, Knowledge of health and safety requirements, Attention to detail, Ability to work under pressure, Ability to work independently, Adaptability, Reliability, Flexibility, Physical stamina, PPE usage, Supervisory/managerial experience, Enhanced DBS check, Mental health support, Life event counseling, Get Fit Programme, Financial and legal support, Cycle to work scheme, Lifeworks employee app, Perks and discounts, Life resources, Support services"
82,https://www.linkedin.com/jobs/view/head-of-school-at-specialized-education-services-inc-3795862778,"Teaching, School Administration, Supervision, Special Education, Risk Student Populations, Pragmatic Language, MultiSensory Instruction, ResearchBased Curriculum, Student Accommodations, Safe Learning Environment, Individualized Learning Plans, Supportive School Setting, Student Strengths, Talents, Interests, Curriculum Knowledge, School District Requirements, Federal and State Educational Guidelines, Performance Reviews, Documentation and Reporting, Data Preparation, Compliance with Regulations, Professional Conduct, Continuous School Improvement, Ability to Work Independently, Ability to Work in a Team Environment, Ability to Meet Deadlines, Ability to Multitask, Ability to Travel, Ability to Communicate Effectively, Ability to Problem Solve, Ability to Use Computer Software, Ability to Use Technology"
83,https://www.linkedin.com/jobs/view/lab-technician-product-development-tech-at-amerit-consulting-3798850567,"Laboratory Technician, Product Development Technician, Regulated Environment Experience, Written Procedures Experience, Technical Tasks Completion, Technical Support, Data Manipulation, Report Preparation, Engineering Documentation, Equipment Calibration, Prototype Processes, Test Setups, Test Protocol Execution, Test Result Documentation, Hardware Debugging, High School Diploma, Proficiency in Personal Computers, Ability to Train Technicians"
84,https://ca.linkedin.com/jobs/view/assistant-e-de-direction-at-societe-generale-3783002318,"Administrative support, Proactive attitude, Excellent Communication skills, Analytical skills, Problemsolving skills, Organizational skills, Time management skills, Leadership skills, Teamwork skills, Attention to detail, Ability to work independently, Ability to work under pressure, Ability to learn quickly, Flexibility, MS Office Suite (PowerPoint Excel Word), Outlook, Teams, Zoom, French, English"
85,https://www.linkedin.com/jobs/view/oakwood-homes-service-technician-delmar-de-at-clayton-3803184765,"Maintenance, Handyman, Construction, HVAC, Roofing, Communication, Customer Service, Teamwork, High School Diploma, Driver's License, Physical Strength, Stoop, Bend, Lift, Climb, Ladder, Team Environment, Criminal Background Check, Drug Screen, 401K, Paid Parental Leave, Employee Assistance Programs, Paid Time Off, Paid Holidays, Holistic Wellness, Diversity and Inclusion"
86,https://www.linkedin.com/jobs/view/senior-belt-technician-at-applied-industrial-technologies-3691446373,"Conveyor Belt Installation, Conveyor Belt Repair, Conveyor Belt Vulcanization, Rubber Component Fabrication, Splicing Techniques, Hot and Cold Repair Methods, Crew Leadership, Training and Development, Customer Liaison, Belt Audits, Pulley Lagging, Quality Assurance, Safety Compliance, Basic Math Skills, Tape Measure Usage, High School Diploma or Equivalent, Physical Strength, Work in Tight Spaces, Work at Heights, DOT Compliance, CDL Class A License, Travel Requirements, Overtime Availability, OnCall Availability, Nightshift Work, Weekend Work, Holiday Work, Base Salary, Bonus Opportunities, Health Insurance, Vision Insurance, Dental Insurance, 401(k) with Company Match, Paid Vacation, Sick Time, Company Holidays, Tuition Reimbursement, Training and Development Program, Career Advancement Opportunities"
87,https://www.linkedin.com/jobs/view/supervising-lead-head-start-teacher-at-volunteers-of-america-colorado-3800475026,"Early Childhood Education, Teaching Strategies GOLD, CLASS, ECERSR, CACFP, CCAP, TraumaInformed Care, Creative Curriculum, Head Start Child Development and Early Learning Framework, Conscious Discipline, Motivational Interviewing, Bilingual (English and Spanish), Basic computer and tablet skills, IPad, Copier, Computer, Verbal and written communication skills, Organizational skills, Human development knowledge, Physical demands: lifting squatting bending sitting running reaching, Ability to respond quickly in emergency situations, Emotional/mental stability, Auditorily and visually supervise students"
88,https://uk.linkedin.com/jobs/view/art-teacher-fantastic-independent-school-in-barnet-january-start-at-wayman-recruitment-group-3792133752,"Teaching, Art, Classroom Management, Curriculum Development, Collaboration, Lesson Planning, Art History, Communication, Creativity, Innovation, Organization, Time Management, Passion for Art Education, QTS or Equivalent, Degree in Art or Fine Arts, Experience Teaching Art, Knowledge of Art Mediums and Techniques, Strong Interpersonal Skills"
89,https://www.linkedin.com/jobs/view/field-service-technician-northeast-region-at-mda-edge-3768028694,"Electrical knowledge, Mechanical knowledge, Ohm's Law, AC/DC currents, Troubleshooting, Maintenance, Electrical engineering, Mechanical engineering, Field service, Packaging, Robotics, Industrial machinery, Microsoft Office, Word, Excel, Database applications, ERP systems, Contact management systems, U.S. driver's license, Passport"
90,https://www.linkedin.com/jobs/view/full-time-assistant-manager-at-universidade-de-mogi-das-cruzes-3691435735,"Cinemark, Customer service, Communication (verbal and written), Conflict resolution, Teamwork, Leadership, Training, Time management, Accuracy, English proficiency, Physical strength and endurance, Ability to work in a noisy environment, Ability to work in a standing position for extended periods of time, High School or G.E.D. Diploma, Completion of Management Foundations Annual Certifications and MAP Core courses within Cinemark's Management Accreditation Program, Basic food handling training and certification, Safe Alcohol Service training program, Regular and consistent attendance, Energetic and friendly attitude, Excellent cash handling and basic math skills, Interpersonal skills, Ability to work independently and in a team environment, Ability to take and follow direction, Sense of urgency, Attention to detail, High school or G.E.D. graduate"
91,https://www.linkedin.com/jobs/view/production-technician-at-flowerhire-3620480033,"Production, Trimming, Harvesting, Packaging, Labeling, Quality Control, Sanitation, Equipment Operation, Record Keeping, DetailOriented, Multitasking, High School Diploma, Physical Activity, Good Visual Acuity, HandEye Coordination, Manual Dexterity, Safety Compliance, Medical Cannabis, Dispensary, Cultivation, Manufacturing, Pharmacy, Horticulture, Agriculture, GMP, HACCP, SOPs"
92,https://www.linkedin.com/jobs/view/engineering-test-technician-at-steris-3768717722,"Data Acquisition systems, Test execution documentation, Simulator/device setup, Software testing, Mechanical engineering, Computer engineering, Electrical engineering, Test equipment operation, Embedded software testing, Exploratory testing, AdHoc testing, Defect management tools, Working instruction documents, Procedure documents, Training material, OSHA VPP standards, Associate Degree, Technical skills, Team player, Communication skills, Problemsolving skills, Selfmotivated, Works from prints sketches written and verbal instructions, Proficient in computer use and applications"
93,https://www.linkedin.com/jobs/view/part-time-3rd-shift-grocery-stock-clerk-at-harris-teeter-3772732682,"Customer service, Food preparation, Sales, Customer relations, Interpersonal skills, Training, Teamwork, High school diploma or GED, English proficiency (reading writing speaking), Basic math skills (addition and subtraction), Problemsolving skills, Company training (new hire orientation customer service safety product knowledge), Physical demands (lifting reaching standing walking talking etc.), Work environment (wet hot cold moving mechanical parts fumes chemicals noise)"
94,https://www.linkedin.com/jobs/view/assistant-general-manager-ft-at-marquee-hospitality-3717292910,"Hotel Management, Financial Planning, Budgeting, Labor Cost Control, Team Management, Conflict Resolution, Performance Management, Staff Development, Employee Training, Data Analysis, Communication, Goal Setting, Google Drive, Microsoft Office Suite, Accounting Software, Customer Service, Hospitality Industry"
95,https://www.linkedin.com/jobs/view/rf-range-technician-ii-technician-iii-3rd-shift-at-ball-aerospace-3675152728,"RF Range Technician, Microsoft Office, Secret Security Clearance, Technical Degree, High School Diploma, Electronic Circuits, Shift Work, Troubleshooting, Data Analysis, Data Plotting, Mathematical Calculations, Team Collaboration, Electromechanical, Overhead Cranes, Equipment Maintenance, Schematic Diagrams, Preventative Maintenance, Radio Frequency Testing, Calibration, Range Configuration, Antenna Installation, Test Execution, Test Certification, Process Improvement, Reporting, Scheduling, Emergency Procedures, Safety Hazards, Data Quality, Training, Working Relationships, US Citizenship"
96,https://www.linkedin.com/jobs/view/full-time-senior-network-technician-52-week-position-at-rush-henrietta-central-school-district-3704327978,"Server Management, Network Equipment Configuration, Email Services, SQL, Active Directory, Backup, VMware ESX, SAN, Network Equipment Supervision, Installation, Repair, Replacement, Wired Network, Server, Wireless Access Network, Settings Creation, Maintenance, Documentation, Windows 10/11, Windows Server 2019/2022, Linux, VMware ESX 7.X, Cisco Routing and Switching, HP Routing and Switching, Enterprise Storage Devices, Civil Service Title: Senior Network Technician, Windows Proficiency, Linux Proficiency, VMware ESX 7.X Proficiency, Cisco/HP Routing and Switching Proficiency, Enterprise Storage Devices Knowledge, RushHenrietta Online Application Submission"
97,https://uk.linkedin.com/jobs/view/nurse-at-synergy-medical-recruitment-3689216420,"Registered General Nurse, RGN, Care Homes, Derby DE56 4BG, Right to Work in the UK, 6months experience, Mandatory training, References"
98,https://www.linkedin.com/jobs/view/assistant-project-manager-at-jobot-3803111801,"Electrical Contracting, Project Management, Quality Control, Electrical Installation, Commissioning, Documentation, Electrical Systems, Electrical Components, Electrical Construction, Electrical Engineering, Associates in Electrical Engineering/Design, Technical school certification in electronics/electrical technology/construction, Change Order Management, Material Management, RFI Management, Liaison with Outside Agencies, Vendor Management, Customer Management, General Contractor Management, Local Municipality Management, Inspector Management, Utility Company Management, Architect/Engineer Management, Electrical TakeOffs, Project Submittals, Approved Submittals, Delivery Schedule Coordination, Strong Knowledge of Electrical Systems and Components"
99,https://www.linkedin.com/jobs/view/low-voltage-technician-at-sargent-electric-company-3787743015,"Structured cabling system installation, CAT 5e 6 6a and fiber optic horizontal cabling, Copper/fiber optic distribution backbone cabling, Pathways/cable support systems, Equipment rack/cabinet, Crossconnect blocks, BICSI Installer level I Certificate, BICSI Installer level II Certificate, Industry specified manufacturers training courses, Network equipment and circuitry, Fiber Optic and Ethernet cabling"
